Valor_predição;Intervalo de Confiança L;Intervalo de Confiança U;Erro Padrão das Previsões
82.96395620787055;76.77918186226621;89.14873055347489;3.155555099169707
